Sample,DNA (µg),DNA/µl in well,Papain digest volume,xvolume,Weight (mg) ,DNA/mg,Average,Stdev
SH001(1) #1,0.172930141397172,0.017293014139717,105.76,1.82890917541649,4.4,0.415661176231021,,
SH001(1) #2,0.147207055858883,0.014720705585888,125,1.84008819823604,5.2,0.353863115045392,,
SH001(1) #3,0.156292874142517,0.015629287414252,122.59,1.91599434411312,5.1,0.375685165512376,0.381736485596263,0.018094326437164
SH001(4) #1,0.205063930013459,0.020506393001346,115.38,2.36602762449529,4.8,0.492922421769852,,
SH001(4) #2,0.148508299685958,0.014850829968596,120,1.78209959623149,5,0.356419919246299,,
SH001(4) #3,0.187118663077613,0.018711866307761,125,2.33898328847016,5.2,0.449804478551955,0.433048939856035,0.04028562339322
SH002(3) #1,0.180983624943921,0.018098362494392,137.01,2.47965664535666,5.7,0.435027481641519,,
SH002(3) #2,0.19231998654105,0.019231998654105,115.38,2.21898800471063,4.8,0.462289167648049,,
SH002(3) #3,0.173847577388964,0.017384757738896,117.78,2.04757676648721,4.9,0.417872809487186,0.438396486258918,0.012932077200416
SH002(1) #1,0.219442811143777,0.021944281114378,120.19,2.63748314713706,5,0.527496629427412,,
SH002(1) #2,0.244104717905642,0.024410471790564,127.4,3.10989410611788,5.3,0.58677247285243,,
SH002(1) #3,0.25157496850063,0.025157496850063,108.17,2.72128643427131,4.5,0.604730318726959,0.572999807002267,0.023334705441823
SH003(1) #1,0.23386888739345,0.023386888739345,108.17,2.52975975493494,4.5,0.562168834429988,,
SH003(1) #2,0.328844212651413,0.032884421265141,112.98,3.71528191453567,4.7,0.790485513730993,,
SH003(1) #3,0.236964445939883,0.023696444593988,144.23,3.41773820379094,6,0.569623033965156,0.640759127375379,0.07489411269922
SH003(4) #1,0.195576088478231,0.019557608847823,122.59,2.39756726865463,5.1,0.470111229147966,,
SH003(4) #2,0.266117877642447,0.026611787764245,127.4,3.39034176116478,5.3,0.639687124748072,,
SH003(4) #3,0.264345513089738,0.026434551308974,117.78,3.11346145317094,4.9,0.635400296565497,0.581732883487178,0.055824545115429
SH004(1) #1,0.10494400663625,0.010494400663625,153.8,1.61403882206553,6.4,0.252193565947739,,
SH004(1) #2,0.155351859532697,0.01553518595327,137.01,2.12847582745749,5.7,0.373416811834647,,
SH004(1) #3,0.140666390156228,0.014066639015623,156.25,2.19791234619107,6.5,0.338140360952472,0.321250246244953,0.035998730611714
SH004(2) #1,0.155239872805198,0.01552398728052,151.442,2.35098368173649,6.3,0.373172012974046,,
SH004(2) #2,0.108060279275543,0.010806027927554,149.03,1.61042234204341,6.2,0.25974553903926,,
SH004(2) #3,0.125534356421955,0.012553435642196,151.44,1.90109229365408,6.3,0.301760681532394,0.3115594111819,0.033107917353093
SH005(1) #1,0.059677140883978,0.005967714088398,170.6,1.01809202348066,7.1,0.143393242743756,,
SH005(1) #2,0.141999021639042,0.014199902163904,112.9,1.60316895430479,4.7,0.341099777511657,,
SH005(1) #3,0.103861648250461,0.010386164825046,153.8,1.59739215009208,6.4,0.249592523451888,0.244695181235767,0.057125465550457
SH005(2) #1,0.091010589318601,0.00910105893186,100.9,0.918296846224679,4.2,0.218642106243971,,
SH005(2) #2,0.086202232965009,0.008620223296501,93.75,0.808145934046962,3.9,0.207216906165888,,
SH005(2) #3,0.106540630755064,0.010654063075507,134.6,1.43403688996317,5.6,0.256078016064851,0.227312342824903,0.014756148627117
SH006(1) #1,0.081652854511971,0.008165285451197,149,1.21662753222836,6.2,0.196230247133607,,
SH006(1) #2,0.089610669889503,0.00896106698895,165.86,1.48628257078729,6.9,0.215403271128593,,
SH006(1) #3,0.081490273941068,0.008149027394107,149,1.21420508172192,6.2,0.195839529309987,0.202491015857395,0.006457112802841
SH006(2) #1,0.100728015653775,0.010072801565378,165.8,1.67007049953959,6.9,0.242039202831825,,
SH006(2) #2,0.107186636740332,0.010718663674033,141.82,1.52012088225138,5.9,0.257647607161251,,
SH006(2) #3,0.117918393186004,0.0117918393186,182.6,2.15318985957643,7.6,0.283314455207425,0.2610004217335,0.012032492659937
SH007(1) #1,0.122200537406307,0.012220053740631,233.1,2.84849452694103,9.7,0.293659229581549,,
SH007(1) #2,0.158940743883468,0.015894074388347,127.4,2.02490507707538,5.3,0.382057561712336,,
SH007(1) #3,0.159786451704144,0.015978645170414,197.1,3.14939096308867,8.2,0.38407206866935,0.353262953321078,0.029807535245771
SH007(2) #1,0.20073681233206,0.020073681233206,151.4,3.03915533870739,6.3,0.482405609318634,,
SH007(2) #2,0.115016263611936,0.011501626361194,139,1.59872606420591,7.8,0.204964880026399,,
SH007(2) #3,0.155217083863669,0.015521708386367,134.61,2.08937716588884,5.6,0.373103065337293,0.353491184894109,0.080688307617317
SH008(1) #1,0.182184417272137,0.018218441727214,115.38,2.10204380648591,4.8,0.437925793017898,,
SH008(1) #2,0.130376129718235,0.013037612971824,139.42,1.81770400053163,5.8,0.313397241470971,,
SH008(1) #3 ,0.180469903715518,0.018046990371552,112.9,2.03750521294819,4.7,0.433511747435786,0.394944927308218,0.040793748494338
SH008(2) #1,0.216542619174198,0.02165426191742,173.07,3.74770311004785,7.2,0.520514320839979,,
SH008(2) #2,0.211480300076791,0.021148030007679,108.17,2.28758240593065,4.5,0.508351645762367,,
SH008(2) #3,0.158885640025991,0.015888564002599,122.59,1.94777906107862,5.1,0.381917462956593,0.470261143186313,0.044311161286442
SH009(1) #1,0.110587561534337,0.011058756153434,269.2,2.97701715650436,11.2,0.265805103259318,,
SH009(1) #2,0.164990008285812,0.016499000828581,329.3,5.43312097285178,13.7,0.39657817320086,,
SH009(1) #3,0.101575522737242,0.010157552273724,293.2,2.97819432665594,12.2,0.244114289070159,0.302165855176779,0.047619629009675
SH009(2) #1,0.223308719598382,0.022330871959838,276.4,6.17225300969928,11.5,0.536717653017328,,
SH009(2) #2,0.120863186625725,0.012086318662573,250,3.02157966564312,10.4,0.290536506311839,,
SH009(2) #3,0.133845104060048,0.013384510406005,411,5.50103377686797,17.1,0.321697881688185,0.382984013672451,0.077391389978692
SH011(1) #1,0.168619000711432,0.016861900071143,139.42,2.35088610791879,5.8,0.405325191020481,,
SH011(1) #2,0.238986482788814,0.023898648278882,122.5,2.92758441416297,5.1,0.574036159639799,,
SH011(1) #3,0.219891369780551,0.021989136978055,127.4,2.80141605100421,5.3,0.52856906622721,0.50264347229583,0.050398247484869
SH011(2) #1,0.218447983363432,0.021844798336343,105.76,2.31030587205166,4.4,0.525069516375377,,
SH011(2) #2,0.181863952279319,0.018186395227932,168.26,3.06004286105183,7,0.437148980150261,,
SH011(2) #3,0.183671263612981,0.018367126361298,137.01,2.51647998276145,5.7,0.441487716273939,0.467902070933192,0.028611150341412
SH012(1) #1,0.228005800908444,0.022800580090845,210.3488957902,4.79607684548514,4.8,0.999182676142738,,
SH012(1) #2,0.275264050785312,0.027526405078531,152.871256038647,4.20799611858366,3.2,1.31499878705739,,
SH012(1) #3,0.28441689925026,0.028441689925026,133.048488612836,3.78412385811965,3.3,1.1467041994302,1.15362855421011,0.091233973926297
SH012(2) #1,0.250820883270399,0.02508208832704,162.106942719117,4.06598065570728,4.4,0.924086512660745,,
SH012(2) #2,0.273978000328353,0.027397800032835,112.965838509317,3.09501545401983,3.9,0.79359370615893,,
SH012(2) #3,0.249711322716576,0.024971132271658,95.9885714285714,2.39694331371031,1.7,1.40996665512371,1.04254895798113,0.187531256299094
SH013(1)#1,0.442303410585973,0.044230341058597,189.9,8.39934176702763,7.9,1.06320781861109,,
SH013(1)#2,0.499404581182742,0.049940458118274,125,6.24255726478427,5.2,1.20049178168928,,
SH013(1)#3,0.200229396484836,0.020022939648484,146.6,2.9353629524677,6.1,0.481207041388147,0.91496888056284,0.220472009918699
SH013(2) #1,0.207566710521877,0.020756671052188,177.8,3.69053611307897,7.4,0.498721096362023,,
SH013(2) #2,0.687998853017576,0.068799885301758,103.36,7.11115614478966,4.3,1.65375724297434,,
SH013(2) #3,0.326480113348851,0.032648011334885,132.21,4.31639357858516,5.5,0.78479883247003,0.979092390602131,0.347294118888674
SH017(1) #1,0.171362602428129,0.017136260242813,122.5,2.09919187974458,5.1,0.41160625093031,,
SH017(1) #2,0.257250130176217,0.025725013017622,134.61,3.46284400230206,5.6,0.618365000411083,,
SH017(1) #3,0.173703033791005,0.017370303379101,88.94,1.5449147825372,3.7,0.417544535820866,0.482505262387419,0.06795149524662
SH017(2) #1,0.149664282386473,0.014966428238647,139.42,2.0866194250322,5.8,0.359761969833138,,
SH017(2) #2,0.158386088958316,0.015838608895832,194.71,3.08393553810737,8.1,0.380732782482392,,
SH017(2) #3,0.123039135081806,0.012303913508181,122.59,1.50833675696785,5.1,0.295752305287814,0.345415685867781,0.025558966292123
SH018(1) #1,0.256289566718737,0.025628956671874,170.67,4.37409403518869,7.1,0.616069582420942,,
SH018(1) #2,0.284885856011401,0.02848858560114,72.11,2.05431190769821,3,0.684770635899403,,
SH018(1) #3,0.2669969031763,0.02669969031763,112.98,3.01653101208583,4.7,0.641815108954433,0.647551775758259,0.020038635156253
SH018(2) #1,0.185318863219052,0.018531886321905,129.8,2.4054388445833,5.4,0.445451637885796,,
SH018(2) #2,0.199593028035847,0.019959302803585,93.75,1.87118463783606,3.9,0.479790932778478,,
SH018(2) #3,0.209752254103977,0.020975225410398,96.15,2.01676792320973,4,0.504191980802434,0.476478183822236,0.017037582973399
SH019(1) #1,0.148198087094741,0.014819808709474,122.59,1.81676034969443,5.1,0.356227519547927,,
SH019(1) #2,0.12671215982899,0.012671215982899,76.92,0.974669933404588,3.2,0.304584354188934,,
SH019(1) #3,0.183634794047521,0.018363479404752,81.73,1.50084717175039,3.4,0.441425638750115,0.367412504162325,0.039896583816608
SH019(2) #1,0.172430047411549,0.017243004741155,100.96,1.740853758667,4.2,0.414488990158808,,
SH019(2) #2,0.209549453259886,0.020954945325989,79.32,1.66214626325742,3.3,0.503680685835582,,
SH019(2) #3,0.232655046726411,0.023265504672641,100.96,2.34888535174984,4.2,0.559258417083296,0.492476031025895,0.042165171093626
SH020(1) #1,0.116337303735788,0.011633730373579,132.21,1.53809549269085,5.5,0.279653725943791,,
SH020(1) #2,0.196358960476448,0.019635896047645,98.55,1.9351175554954,4.1,0.471979891584243,,
SH020(1) #3,0.315824460085424,0.031582446008542,38.46,1.21466087348854,1.6,0.759163045930337,0.503598887819457,0.139322309389274
SH020(2) #1,0.136881128556819,0.013688112855682,137.01,1.87540834235698,5.7,0.329019007431048,,
SH020(2) #2,0.294221861276544,0.029422186127655,182.21,5.36101653431992,7.58,0.707258117984158,,
SH020(2) #3,0.19255850327859,0.019255850327859,192.3,3.70290001804729,8,0.462862502255911,0.499713209223706,0.110731939296395
SH023(1) #1,0.160479515828678,0.016047951582868,98.55,1.58152562849162,4.1,0.385737958168687,,
SH023(1) #2,0.260699875853507,0.026069987585351,64.9,1.69194219428926,2.7,0.626645257144171,,
SH023(1) #3,0.269815332091868,0.026981533209187,96.1,2.59292534140286,4,0.648231335350714,0.553538183554524,0.084131199965169
SH023(2) #1,0.128344196151459,0.012834419615146,204.32,2.6223286157666,8.5,0.308509248913718,,
SH023(2) #2,0.130515207945375,0.013051520794538,88.94,1.16080225946617,3.7,0.313730340396262,,
SH023(2) #3,0.192965549348231,0.019296554934823,127.4,2.45838109869646,5.3,0.463845490320087,0.362028359876689,0.050930871410384
SH024(1) #1,0.255190875232774,0.025519087523278,117.78,3.00563812849162,4.9,0.613395536426861,,
SH024(1) #2,0.667127560521416,0.066712756052142,62.5,4.16954725325885,2.6,1.60367202048417,,
SH024(1) #3,0.372531036623215,0.037253103662322,105.76,3.93988824332713,4.4,0.89542914621071,1.03749890104058,0.294561674440341
SH024(2) #1,0.29780260707635,0.029780260707635,88.94,2.64865638733706,3.7,0.715853077658664,,
SH024(2) #2,0.270765052762259,0.027076505276226,98.55,2.66838959497207,4.1,0.650826730480992,,
SH024(2) #3,0.284450651769087,0.028445065176909,86.53,2.46135148975791,3.6,0.683708747154976,0.683462851764877,0.018771892154894
SH025(1) #1,0.265744484642122,0.026574448464212,98.55,2.61891189614812,4.1,0.638758999060516,,
SH025(1) #2,0.260402922607647,0.026040292260765,115.38,3.00452892104703,4.8,0.625943525218132,,
SH025(1) #3,0.234646851575985,0.023464685157599,93.75,2.19981423352486,3.9,0.564054931673042,0.609585818650563,0.023064079894727
SH025(2) #1,0.175784445863186,0.017578444586319,110.57,1.94364861790925,4.6,0.422532308241141,,
SH025(2) #2,0.151802984086449,0.015180298408645,149.03,2.26231987184034,6.2,0.364890301909733,,
SH025(2) #3,0.127261119387104,0.01272611193871,122.5,1.55894871249202,5.1,0.30567621813569,0.364366276095521,0.033734465071466
SH026(1) #1,0.158809202903691,0.015880920290369,86.5,1.37369960511693,3.6,0.381583223643591,,
SH026(1) #2,0.166787259700645,0.016678725970065,112.9,1.88302816202029,4.7,0.400644289791551,,
SH026(1) #3,0.210459672270696,0.02104596722707,88.9,1.87098648648649,3.7,0.505672023374726,0.429299845603289,0.038580492539789
SH026(2) #1,0.144212716653662,0.014421271665366,132.21,1.90663632687806,5.5,0.346661150341465,,
SH026(2) #2,0.158015889905654,0.015801588990565,163.46,2.58292773639781,6.8,0.379842314176149,,
SH026(2) #3,0.164766735239176,0.016476673523918,134.61,2.21792502305455,5.6,0.39605803983117,0.374187168116262,0.014537293197538
SH028(1) #1,0.20846423108601,0.020846423108601,122.5,2.55368683080362,4.39999999999986,0.580383370637205,,
SH028(1) #2,0.239904694669961,0.023990469466996,60.09,1.4415873102718,5.70000000000005,0.252910054433647,,
SH028(1) #3,0.242644722908577,0.024264472290858,100.96,2.449741122485,7.70000000000005,0.318148197725323,0.383813874265392,0.100072771876166
SH028(2) #1,0.095477409106954,0.009547740910695,120.19,1.14754298005648,13.7,0.083762261317991,,
SH028(2) #2,0.070283268619838,0.007028326861984,129.8,0.912276826685492,11.6,0.078644554024611,,
SH028(2) #3,0.130282974467584,0.013028297446759,115.38,1.50320495940699,9.29999999999995,0.16163494187172,0.108013919071441,0.026851184310295
SH029(1) #1,0.135263259615119,0.013526325961512,91.34,1.2354946133245,3.8,0.325130161401184,,
SH029(1) #2,0.172946519782435,0.017294651978244,72.1,1.24694440763135,3,0.415648135877118,,
SH029(1) #3,0.193725668847842,0.019372566884784,110.57,2.14202472045059,4.6,0.465657547924042,0.402145281734114,0.041124736648565
SH029(2) #1,0.299054363731743,0.029905436373174,137.01,4.09734383748861,5.7,0.718832252190984,,
SH029(2) #2,0.298920456114194,0.029892045611419,129.8,3.87998752036224,5.4,0.718516207474489,,
SH029(2) #3,0.273319252326127,0.027331925232613,146.63,4.007680196858,6.1,0.656996753583279,0.698115071082917,0.020559361181438
SH031(1) #1,0.230327805630544,0.023032780563054,86.5,1.9923355187042,3.6,0.55342653297339,,
SH031(1) #2,0.172212366628101,0.01722123666281,84.1,1.44830600334233,3.5,0.413801715240666,,
SH031(1) #3,0.202425761666024,0.020242576166602,93.75,1.89774151561897,3.9,0.48660038862025,0.484609545611435,0.040318502880764
SH031(2) #1,0.169062861550328,0.016906286155033,146.63,2.47896873891246,6.1,0.406388317854501,,
SH031(2) #2,0.268463812829412,0.026846381282941,129.8,3.48466029052577,5.4,0.645307461208477,,
SH031(2) #3,0.271442344774393,0.027144234477439,122.59,3.32761170458928,5.1,0.6524728832528,0.568056220771926,0.080860412529982
SH032(1) #1,0.260425806,0.0260425806,168.26,4.381924611756,7,0.625989230250857,,
SH032(1) #2,0.117936599,0.0117936599,93.75,1.105655615625,3.9,0.283501439903846,,
SH032(1) #3,0.224127846,0.0224127846,137.01,3.070775618046,5.7,0.538732564569474,0.482741078241392,0.102754978046671
SH032(2) #1,0.219074229,0.0219074229,199.5,4.37053086855,8.3,0.526569984162651,,
SH032(2) #2,0.229365991,0.0229365991,156.25,3.583843609375,6.5,0.551360555288462,,
SH032(2) #3,0.204418216,0.0204418216,127.4,2.60428807184,5.3,0.49137510789434,0.523101882448484,0.017402914237689
SH035(1) #1,0.228064222339738,0.022806422233974,127.4,2.90553819260826,5.3,0.548214753322314,,
SH035(1) #2,0.41519698572184,0.041519698572184,69.7,2.89392299048123,2.9,0.997904479476285,,
SH035(1) #3,0.29266701921382,0.029266701921382,103.3,3.02325030847876,4.3,0.703081467088084,0.749733566628894,0.131893298093298
SH035(2) #1,0.239408895939832,0.023940889593983,153.8,3.68210881955461,6.4,0.575329503055409,,
SH035(2) #2,0.257478406486868,0.025747840648687,156.25,4.02310010135731,6.5,0.618938477131894,,
SH035(2) #3,0.165720665138962,0.016572066513896,88.94,1.47391959574593,3.7,0.3983566474989,0.530874875895401,0.067444412414994
SH037(1) #1,0.221406910494394,0.02214069104944,117.78,2.60773059180298,4.9,0.532189916694485,,
SH037(1) #2,0.232608895423635,0.023260889542364,144.23,3.35491809869509,6,0.559153016449182,,
SH037(1) #3,0.330041965325001,0.0330041965325,98.55,3.25256356827789,4.1,0.793308187384851,0.628217040176173,0.082911734899437
SH038(1) #1,0.358639615799275,0.035863961579928,127.4,4.56906870528276,5.3,0.862088434959012,,
SH038(1) #2,0.41062922669803,0.041062922669803,141.82,5.82354369303146,5.9,0.987041303903638,,
SH038(1) #3,0.389131872978536,0.038913187297854,105.76,4.11545868862099,4.4,0.935331520141135,0.928153753001261,0.036248885593026
SH038(2) #1,0.332296873468587,0.033229687346859,293.26,9.7449381113398,12.2,0.798765418962278,,
SH038(2) #2,0.329790257767324,0.032979025776732,156.25,5.15297277761443,6.5,0.792765042709912,,
SH038(2) #3,0.506015387631089,0.050601538763109,225.96,11.4339236989121,9.4,1.21637486158639,0.935968441086194,0.140213909940126
SH039(1) #1,0.599389885327844,0.059938988532785,105.7,6.33555108791532,4.4,1.43989797452621,,
SH039(1) #2,0.636707340978144,0.063670734097814,170.6,10.8622272370871,7.1,1.52989116015312,,
SH039(1) #3,0.360685582671763,0.036068558267176,93.75,3.38142733754778,3.9,0.867032650653277,1.27894059511087,0.207585973671374
SH039(2) #1,0.443891502499265,0.044389150249927,173.07,7.68243023375477,7.2,1.06700419913261,,
SH039(2) #2,0.377687934921102,0.03776879349211,153.84,5.81035119082623,6.4,0.907867373566598,,
SH039(2) #3,0.490632657061649,0.049063265706165,112.98,5.54316775948251,4.7,1.17939739563458,1.05142298944459,0.078770169464854
SH040(1) #1 ,0.20924805378627,0.020924805378627,98.55,2.06213957006369,4.1,0.502960870747243,,
SH040(1) #2,0.243398796886058,0.024339879688606,93.75,2.28186372080679,3.9,0.585093261745332,,
SH040(1) #3,0.262163835810333,0.026216383581033,81.73,2.14266503007785,3.4,0.63019559708172,0.572749909858098,0.037244407402147
SH040(2) #1,0.283533262561925,0.028353326256193,213.94,6.06591061924982,8.9,0.681562990926946,,
SH040(2) #2,0.374718683651805,0.037471868365181,129.81,4.86422323248408,5.4,0.900782080089643,,
SH040(2) #3,0.330065463552725,0.033006546355273,163.81,5.40680235845718,6.8,0.795117993890762,0.792487688302451,0.063296764382672
SH041(1) #1,0.260765292374023,0.026076529237402,156.25,4.07445769334411,6.5,0.626839645129863,,
SH041(1) #2,0.21197405397082,0.021197405397082,163.46,3.46492788620703,6.8,0.509548218559858,,
SH041(1) #3,0.345873272510298,0.03458732725103,201.92,6.98387311852793,8.4,0.83141346649142,0.655933776727047,0.094046373005657
SH041(2) #1,0.212322439080725,0.021232243908073,237.9,5.05115082573046,9.9,0.510217255124289,,
SH041(2) #2,0.24001809292836,0.024001809292836,100.96,2.42322266620472,4.2,0.576957777667791,,
SH041(2) #3,0.44776148131039,0.044776148131039,127.4,5.70448127189437,5.3,1.07631722111215,0.721164084634741,0.178618669329989
SH043(1) #1,0.275732378642645,0.027573237864265,98.55,2.71734259152327,4.1,0.662766485737383,,
SH043(1) #2,0.252182700080841,0.025218270008084,117.7,2.9681903799515,4.9,0.605753138765612,,
SH043(1) #3,0.288079839858336,0.028807983985834,108.17,3.11615962774762,4.5,0.69247991727725,0.653666513926748,0.025445960013117
SH043(2) #1,0.526125033683643,0.052612503368364,310.09,16.3146111694961,12.9,1.26469854027102,,
SH043(2) #2,0.418277707202525,0.041827770720253,204.32,8.546250113562,8.5,1.00544118983082,,
SH043(2) #3,0.229676252069138,0.022967625206914,288.46,6.62524116718636,12,0.552103430598863,0.940747720233567,0.208236149070044
SH045(1) #1 ,0.322682747642953,0.032268274764295,110.58,3.56822582343578,4.6,0.7757012659643,,
SH045(1) #2 ,0.237084200644872,0.023708420064487,153.84,3.6473033427207,6.4,0.56989114730011,,
SH045(1) #3,0.30863230072242,0.030863230072242,120.19,3.70945162238276,5,0.741890324476552,0.695827579246987,0.063720178932854
SH045(2) #1,0.196553201910126,0.019655320191013,120.19,2.36237293375781,5,0.472474586751561,,
SH045(2) #2,0.225684665932003,0.0225684665932,144.23,3.25504993673728,6,0.542508322789546,,
SH045(2) #3,0.285265907513979,0.028526590751398,125,3.56582384392474,5.2,0.685735354600911,0.566906088047339,0.062760064234364
SH046(1) #1 ,0.272311334231256,0.027231133423126,43.2,1.17638496387903,1.8,0.653547202155014,,
SH046(1) #2 ,0.22059711848496,0.022059711848496,93.75,2.0680979857965,3.9,0.530281534819615,,
SH046(1) #3 ,0.268003346802171,0.026800334680217,96.15,2.57685217950288,4,0.644213044875719,0.609347260616783,0.039624585675661
SH046(2) #1 ,0.356391575854047,0.035639157585405,84.13,2.9983223276601,3.5,0.856663522188599,,
SH046(2) #2,0.206638504550835,0.020663850455084,125,2.58298130688543,5.2,0.496727174401045,,
SH046(2) #3,0.26211991347292,0.026211991347292,84.13,2.20521483204767,3.5,0.630061380585049,0.661150692391564,0.10506101813726
SH047(1) #1,0.323103479603889,0.032310347960389,79.33,2.56317990369765,3.3,0.776721182938682,,
SH047(1) #2 ,0.287255837194513,0.028725583719451,76.92,2.20957189970019,3.2,0.69049121865631,,
SH047(1) #3,0.373416916507677,0.037341691650768,60.09,2.24386225129463,2.5,0.897544900517852,0.788252434037614,0.060048686100072
SH047(2) #1,0.221990551467248,0.022199055146725,103.37,2.29471633051695,4.3,0.533654960585336,,
SH047(2) #2,0.448873444171891,0.044887344417189,36.06,1.61863763968384,1.5,1.07909175978923,,
SH047(2) #3,0.298678113927501,0.02986781139275,60.1,1.79505546470428,2.5,0.718022185881712,0.776922968752091,0.160184583266205
SH048(1) #1,0.285654583446897,0.02856545834469,115.38,3.2958825838103,4.8,0.68664220496048,,
SH048(1) #2,0.527189515762696,0.05271895157627,57.69,3.041356316435,2.4,1.26723179851458,,
SH048(1) #3,0.354024711547197,0.03540247115472,62.5,2.21265444716998,2.6,0.851020941219224,0.934964981564762,0.172777333069647
SH048(2) #1,0.278774870536931,0.027877487053693,117.79,3.28368920005451,4.9,0.670140653072349,,
SH048(2) #2,0.590946670300718,0.059094667030072,100.96,5.96619758335605,4.2,1.42052323413239,,
SH048(2) #3,0.236858362859998,0.023685836286,91.35,2.16370114472608,3.5,0.618200327064595,0.902954738089778,0.259218254525864
SH049(1) #1,0.351647458628842,0.035164745862884,62.5,2.19779661643026,2.6,0.845306390934715,,
SH049(1) #2,0.435521941489362,0.043552194148936,55.2,2.40408111702128,2.3,1.04525265957447,,
SH049(1) #3,0.270329122340426,0.027032912234043,50.48,1.36462140957447,2.1,0.649819718844985,0.846792923118056,0.114154077145673
SH049(2) #1,0.35252382535461,0.035252382535461,64.9,2.28787962655142,2.7,0.847362824648674,,
SH049(2) #2,0.207127290189125,0.020712729018913,72.11,1.49359488955378,3,0.497864963184594,,
SH049(2) #3,0.3883606678487,0.03883606678487,55.28,2.14685777186761,2.3,0.933416422551136,0.759548070128135,0.133178879422512
SH051(1) #1,0.211251039068994,0.021125103906899,79.32,1.67564324189526,3.3,0.5077706793622,,
SH051(1) #2,0.262896924355777,0.026289692435578,103.37,2.71756550706567,4.3,0.631991978387365,,
SH051(1) #3,0.271922277639235,0.027192227763924,67.31,1.83030885078969,2.8,0.65368173242489,0.597814796724818,0.045455357811307
SH051(2) #1,0.391076475477972,0.039107647547797,96.15,3.7602003117207,4,0.940050077930175,,
SH051(2) #2,0.418848711554447,0.041884871155445,86.54,3.62471674979219,3.6,1.00686576383116,,
SH051(2) #3,0.326072319201995,0.0326072319202,98.56,3.21376877805486,4.1,0.783846043428015,0.910253961729784,0.066081528754624
SH052(1) #1,0.141606400665004,0.014160640066501,45.67,0.646716431837074,1.9,0.340377069387934,,
SH052(1) #2,0.348233582709892,0.034823358270989,55.29,1.92538347880299,2.3,0.837123251653476,,
SH052(1) #3,0.240980881130507,0.024098088113051,72.12,1.73795411471322,3,0.579318038237739,0.585606119759716,0.143432733799701
SH052(2) #1,0.407130091438071,0.040713009143807,60.1,2.44685184954281,2.5,0.978740739817124,,
SH052(2) #2,0.277470906068163,0.027747090606816,64.9,1.80078618038238,2.7,0.666957844586066,,
SH052(2) #3,0.350029093931837,0.035002909393184,57.69,2.01931784289277,2.4,0.841382434538653,0.829027006313947,0.090215733835858
SH053(1) #1,0.225163561076604,0.022516356107661,74.5,1.6774685300207,3.1,0.54111888065184,,
SH053(1) #2,0.46367701863354,0.046367701863354,63.3,2.93507552795031,2.8,1.04824125998225,,
SH053(1) #3,0.244753623188406,0.024475362318841,45.7,1.11852405797101,1.9,0.588696872616323,0.726019004416805,0.161695498614017
SH053(2) #1,0.296190476190476,0.029619047619048,112.9,3.34399047619047,4.7,0.711487335359675,,
SH053(2) #2,0.252927536231884,0.025292753623188,100.9,2.55203884057971,4.2,0.607628295376121,,
SH053(2) #3,0.344026915113872,0.034402691511387,127.4,4.38290289855073,5.3,0.826962811047307,0.715359480594368,0.063346014272716
SH053(1) #1,0.202494456762749,0.020249445676275,108.2,2.19099002217295,4.5,0.486886671593989,,
SH053(1) #2,0.254270702786079,0.025427070278608,62.7,1.59427730646872,2.9,0.54975079533404,,
SH053(1) #3,0.23668659018606,0.023668659018606,108.2,2.56094890581317,4.5,0.569099756847371,0.535245741258466,0.024816293653038
SH053(2) #1,0.199583052154632,0.019958305215463,173.1,3.45478263279668,7.2,0.479830921221762,,
SH053(2) #2,0.26146727079919,0.026146727079919,100.9,2.63820476236383,4.2,0.628143991039007,,
SH053(2) #3,0.232690639159356,0.023269063915936,132.2,3.07617024968669,5.5,0.559303681761216,0.555759531340661,0.04285095261993
SH055(1) #1,0.231695086894028,0.023169508689403,52.8,1.22335005880047,2.2,0.556068208545668,,
SH055(1) #2,0.134726577812623,0.013472657781262,129.8,1.74875098000784,5.4,0.323842774075526,,
SH055(1) #3,0.19077975957141,0.019077975957141,96.2,1.83530128707696,4,0.458825321769241,0.446245434796812,0.067332145049476
SH055(2) #1,0.232534626943682,0.023253462694368,192.3,4.47164087612701,8,0.558955109515876,,
SH055(2) #2,0.231572585914021,0.023157258591402,156.25,3.61832165490657,6.5,0.556664869985627,0.524815100423581,0.033001512411874
SH057(1) #1,0.28426,0.028426,98.55,2.8013823,4.1,0.683263975609756,,
SH057(1) #2,0.287395,0.0287395,110.5,3.17571475,4.6,0.690372771739131,,
SH057(1) #3,0.373151666666667,0.037315166666667,91.35,3.408740475,3.8,0.897036967105263,0.756891238151383,0.070102907104754
SH057(2) #1,0.238525,0.0238525,115.4,2.7525785,4.8,0.573453854166667,,
SH057(2) #2,0.276313333333333,0.027631333333333,98.6,2.72444946666667,4.1,0.664499869918699,,
SH057(2) #3,0.2909,0.02909,113,3.28717,4.7,0.699397872340425,0.645783865475264,0.037541934531858
SH059(1) #1,0.269476666666667,0.026947666666667,100.9,2.71901956666667,4.2,0.647385611111111,,
SH059(1) #2,0.264548333333333,0.026454833333333,156.3,4.13489045,6.5,0.636136992307693,,
SH059(1) #3,0.27449,0.027449,197.1,5.4101979,8.2,0.659780231707317,0.647767611708707,0.006827887317695
SH059(2) #1,0.271583333333334,0.027158333333333,127.4,3.45997166666667,5.3,0.652824842767296,,
SH059(2) #2,0.306315,0.0306315,86.5,2.64962475,3.6,0.736006875,,
SH059(2) #3 ,0.305496666666667,0.030549666666667,187.5,5.7280625,7.8,0.734366987179487,0.707732901648928,0.027458110554246
SH060(1) #1,0.245713707302709,0.024571370730271,235.6,5.78901494405183,9.8,0.590715810617533,,
SH060(1) #2,0.225607332155477,0.022560733215548,262,5.9109121024735,10.9,0.542285513988394,,
SH060(1) #3,0.251520170789164,0.025152017078916,161.1,4.05198995141343,6.7,0.604774619613945,0.579258648073291,0.018926806480441
SH060(2) #1,0.32844707008245,0.032844707008245,120.2,3.94793378239105,5,0.78958675647821,,
SH060(2) #2,0.308874411071849,0.030887441107185,100.9,3.11654280771496,4.2,0.742034001836895,,
SH060(2) #3,0.243994773262662,0.024399477326266,182.7,4.45778450750884,7.6,0.586550593093268,0.706057117136124,0.061309795533554
SH064(1) #1,0.266221864951769,0.026622186495177,110.6,2.94441382636656,4.6,0.6400899622536,,
SH064(1) #2,0.28087173990711,0.028087173990711,161.1,4.52484372990354,6.7,0.675349810433364,,
SH064(1) #3,0.22780100035727,0.022780100035727,177.9,4.05257979635584,7.4,0.547645918426465,0.621028563704476,0.038076999594742
SH064(2) #1,0.238794212218649,0.023879421221865,156.3,3.73235353697749,6.5,0.574208236458076,,
SH064(2) #2,0.230119685602001,0.0230119685602,139.4,3.20786841729189,5.8,0.55308076160205,,
SH064(2) #3,0.303799571275455,0.030379957127546,125,3.79749464094319,5.2,0.730287430950614,0.61919214300358,0.055881466222335
SH065(1) #1,0.16941050375134,0.016941050375134,60.1,1.01815712754555,2.5,0.407262851018221,,
SH065(1) #2,0.184846373704895,0.01848463737049,134.6,2.48803219006788,5.6,0.444291462512122,,
SH065(1) #3,0.154253304751697,0.01542533047517,72.1,1.11216632725974,3,0.370722109086579,0.40742547420564,0.021237798658594
SH065(2) #1,0.123792425866381,0.012379242586638,168.3,2.08342652733119,7,0.297632361047313,,
SH065(2) #2,0.158569131832798,0.01585691318328,144.2,2.28656688102894,6,0.38109448017149,,
SH065(2) #3,0.12040192926045,0.012040192926045,93.8,1.12937009646302,3.9,0.28958207601616,0.322769639078321,0.0292548690459
SH066(1) #1,0.179927553350657,0.017992755335066,117.8,2.11954657847074,4.9,0.432560526218519,,
SH066(1) #2,0.231596976139853,0.023159697613985,115.4,2.67262910465391,4.8,0.556797730136231,,
SH066(1) #3,0.177486416253248,0.017748641625325,110.6,1.96299976376092,4.6,0.426739079078462,0.472032445144404,0.042415946162225
SH066(2) #1,0.199651547365934,0.019965154736594,108.2,2.16022974249941,4.5,0.480051053888757,,
SH066(2) #2,0.253703047484054,0.025370304748405,139.4,3.53662048192771,5.8,0.609762152056502,,
SH066(2) #3,0.255835105126388,0.025583510512639,137,3.50494094023152,5.7,0.614901919338863,0.568238375094707,0.044118616698019
SH070(1) #1,0.193647812242854,0.019364781224285,139.4,2.69945050266538,5.8,0.465422500459548,,
SH070(1) #2,0.19539014704304,0.019539014704304,141.8,2.7706322850703,5.9,0.469598692384797,,
SH070(1) #3,0.172818503810239,0.017281850381024,115.4,1.99432553397016,4.8,0.415484486243784,0.450168559696043,0.017383889650866
SH070(2) #1,0.180176022324783,0.018017602232478,163.5,2.94587796501019,6.8,0.433217347795617,,
SH070(2) #2,0.147331043612035,0.014733104361204,137,2.01843529748489,5.7,0.354111455699103,,
SH070(2) #3,0.183741189939537,0.018374118993954,141.8,2.60545007334264,5.9,0.44160170734621,0.409643503613643,0.027871315185183
SH071(1) #1,0.172185252763765,0.017218525276377,156.3,2.69125550069765,6.5,0.414039307799638,,
SH071(1) #2,0.168360702658223,0.016836070265822,62.5,1.05225439161389,2.6,0.404713227543806,,
SH071(1) #3,0.145162963758005,0.014516296375801,144.2,2.09324993739043,6,0.348874989565072,0.389209174969505,0.020345997373881
SH071(2) #1,0.177982898644056,0.017798289864406,209.1,3.72162241064721,8.7,0.427772690878989,,
SH071(2) #1,0.197746055597295,0.01977460555973,192.3,3.80265664913599,8,0.475332081141998,,
SH071(2) #3,0.160282279703767,0.016028227970377,188.7,3.02452661801009,6.6,0.458261608789408,0.453788793603465,0.013910169628884
SH071(2) #1,0.226372609500309,0.022637260950031,108.2,2.44935163479334,4.5,0.544300363287409,,
SH071(2) #2,0.178768250051408,0.017876825005141,105.8,1.8913680855439,4.4,0.429856383078159,,
SH071(2) #3,0.181770512029611,0.018177051202961,72.1,1.3105653917335,3,0.436855130577833,0.470337292314467,0.037036682345356
SH074(1) #1,0.180189697717458,0.018018969771746,93.8,1.69017936458976,3.9,0.433379324253784,,
SH074(1) #2,0.200303310713551,0.020030331071355,103.4,2.07113623277812,4.3,0.481659589018168,,
SH074(1) #3,0.275485811227637,0.027548581122764,76.9,2.11848588834053,3.2,0.662026840106416,0.525688584459456,0.069579297582139
SH074(2) #1,0.183055726917541,0.018305572691754,79.3,1.4516319144561,3.3,0.43988845892609,,
SH074(2) #2,0.210911474398519,0.021091147439852,84.1,1.77376549969155,3.5,0.506790142769014,,
SH074(2) #3,0.217741106312976,0.021774110631298,96.2,2.09466944273083,4,0.523667360682707,0.490115320792603,0.025581655933142
SH075(1) #1,0.219681272644927,0.021968127264493,173.1,3.80268282948369,7.2,0.528150392983846,,
SH075(1) #2,0.196807065217391,0.019680706521739,158.7,3.123328125,6.6,0.473231534090909,,
SH075(1) #3,0.225534986413043,0.022553498641304,91.8,2.07041117527174,3.8,0.544845046124142,0.515408991066299,0.021632392906256
SH075(2) #1,0.253147644927536,0.025314764492754,153.8,3.89341077898551,6.4,0.608345434216486,,
SH075(2) #2,0.21510982789855,0.021510982789855,129.8,2.79212556612319,5.4,0.517060290022812,,
SH075(2) #3,0.132583220108695,0.01325832201087,125,1.65729025135869,5.2,0.318709663722825,0.481371795987374,0.085493608615405
SH063(1) #1,0.337212964553628,0.033721296455363,146.6,4.94354206035618,6.1,0.810416731205931,,
SH063(1) #2,0.268381721353719,0.026838172135372,156.3,4.19480630475863,6.5,0.645354816116712,,
SH063(1) #3,0.640834908091393,0.064083490809139,93.8,6.01103143789727,3.9,1.54129011228135,0.999020553201331,0.275289886593423
SH063(2) #1,0.2054744316555,0.02054744316555,120.2,2.46980266849911,5,0.493960533699823,,
SH063(2) #2,0.257298287808509,0.025729828780851,156.3,4.021572238447,6.5,0.618703421299539,,
SH063(2) #3,0.318287235870125,0.031828723587013,81.7,2.60040671705892,3.4,0.76482550501733,0.625829820005564,0.078273127233206
SH076(1) #1,0.140548636291975,0.014054863629198,115.4,1.6219312628094,4.8,0.337902346418624,,
SH076(1) #2,0.187863261337958,0.018786326133796,161.1,3.0264771401545,6.7,0.451713005993209,,
SH076(1) #3,0.07643333858847,0.007643333858847,200,1.52866677176941,4.3,0.35550390041149,0.381706417607774,0.035370163927463
SH076(2) #1,0.215941457774975,0.021594145777498,176.5,3.81136672972831,7.3,0.522105031469631,,
SH076(2) #2,0.144792159335751,0.014479215933575,192.3,2.78435322402649,8,0.348044153003311,,
SH076(2) #3,0.165602501445163,0.016560250144516,180.3,2.98581310105629,7.5,0.398108413474172,0.422752532649038,0.051735857360718
SH077(1) #1,0.19139266327836,0.019139266327836,110.6,2.11680285585866,4.6,0.460174533882317,,
SH077(1) #2,0.167887148636034,0.016788714863603,98.6,1.65536728555129,4.1,0.403748118427144,,
SH077(1) #3,0.161022369740345,0.016102236974035,84.1,1.3541981295163,3.5,0.386913751290372,0.416945467866611,0.02215410489177
SH077(2) #1,0.126489299173668,0.012648929917367,182.7,2.31095949590291,7.6,0.304073617881962,,
SH077(2) #2,0.18646405974484,0.018646405974484,113,2.10704387511669,4.7,0.448307207471636,,
SH077(2) #3,0.153524876395948,0.015352487639595,175.5,2.69436158074888,7.3,0.369090627499847,0.373823817617815,0.041703854370231
SH078(1) #1,0.350261928359054,0.035026192835906,122.6,4.29421124168201,5.1,0.842002204251373,,
SH078(1) #2,0.313627353815659,0.031362735381566,137,4.29669474727453,5.7,0.753806096013075,,
SH078(1) #3,0.333732125159281,0.033373212515928,108.2,3.61098159422342,4.5,0.802440354271871,0.799416218178773,0.025504884672206
SH078(2) #1,0.331341733918543,0.033134173391854,122.6,4.06224965784133,5.1,0.796519540753202,,
SH078(2) #2,0.317162206805418,0.031716220680542,122.6,3.88840865543442,5.1,0.762433069693024,,
SH078(2) #3,0.353829817358063,0.035382981735806,113,3.99827693614611,4.7,0.850697220456619,0.803216610300949,0.02569875569556
SH079(1) #1,0.226621278140886,0.022662127814089,103.4,2.34326401597676,4.3,0.544945119994595,,
SH079(1) #2,0.194049564270152,0.019404956427015,137,2.65847903050109,5.7,0.466399829912472,,
SH079(1) #3,0.195631808278867,0.019563180827887,91.3,1.78611840958606,3.8,0.470031160417383,0.493792036774817,0.025598014782897
SH079(2) #1,0.21082788671024,0.021082788671024,168.3,3.54823333333334,7,0.506890476190477,,
SH079(2) #2,0.187890341321714,0.018789034132171,115.4,2.16825453885258,4.8,0.451719695594287,,
SH079(2) #3,0.288792665214234,0.028879266521423,96.2,2.77818543936093,4,0.694546359840232,0.551052177208332,0.073493512400293
SH080(1) #1,0.166592229484386,0.016659222948439,93.8,1.56263511256355,3.9,0.400675669888089,,
SH080(1) #2,0.218582062454611,0.021858206245461,110.6,2.417517610748,4.6,0.525547306684348,,
SH080(1) #3,0.221230936819172,0.022123093681917,88.9,1.96674302832244,3.7,0.531552169816876,0.485925048796438,0.042659922833594
SH080(2) #1,0.16929012345679,0.016929012345679,127.4,2.15675617283951,5.3,0.40693512695085,,
SH080(2) #2,0.166991648511256,0.016699164851126,165.9,2.77039144880174,6.9,0.401506007072716,,
SH080(2) #3,0.200274146695715,0.020027414669572,122.6,2.45536103848947,5.1,0.481443340880288,0.429961491634618,0.025788592031996
SH081(1) #1,0.263668343764061,0.026366834376406,129.8,3.42241510205751,5.4,0.633780574455095,,
SH081(1) #2,0.276923548901706,0.027692354890171,117.8,3.26215940606209,4.9,0.665746817563692,,
SH081(1) #3,0.174142021515932,0.017414202151593,134.6,2.34395160960445,5.6,0.418562787429366,0.572696726482718,0.077617467000447
SH081(2) #1,0.222843293655663,0.022284329365566,125,2.78554117069579,5.2,0.535680994364575,,
SH081(2) #2,0.252302941056162,0.025230294105616,96.2,2.42715429296028,4,0.606788573240071,,
SH081(2) #3,0.293772241992883,0.029377224199288,115.4,3.39013167259787,4.8,0.706277431791222,0.616248999798623,0.049473598577653
SH082(1) #1,0.273241365815478,0.027324136581548,81.7,2.23238195871246,3.4,0.656582929033075,,
SH082(1) #2,0.234920751394189,0.023492075139419,86.5,2.03206449955973,3.6,0.564462360988814,,
SH082(1) #3,0.25640103708052,0.025640103708052,110.6,2.83579547011056,4.6,0.61647727611099,0.612507522044293,0.026666889424352
SH082(2) #1,0.317972801095783,0.031797280109578,55.3,1.75838959005968,2.3,0.764517213069427,,
SH082(2) #2,0.54166911261129,0.054166911261129,55.3,2.99543019274044,2.3,1.30236095336541,,
SH082(2) #3,0.323111730750416,0.032311173075042,62.5,2.0194483171901,2.6,0.776710891226961,0.947863019220598,0.177283915825675
MRI001(1) #1,0.310502567756108,0.031050256775611,223.5,6.93973238934901,9.3,0.746207783800968,,
MRI001(1) #2,0.37017247009232,0.037017247009232,163.46,6.05083919612907,6.8,0.889829293548393,,
MRI001(1) #3,0.350372547273429,0.035037254727343,105.76,3.70554005996378,4.4,0.842168195446314,0.826068424265225,0.042234213972383
MRI001(2) #1,0.330078368510108,0.033007836851011,194.71,6.42695591326031,8.1,0.793451347316087,,
MRI001(2) #2,0.370390655148871,0.037039065514887,144.23,5.34214441921216,6,0.890357403202027,,
MRI001(2) #3,0.25860866209517,0.025860866209517,185.09,4.78658772671951,7.7,0.621634769703832,0.768481173407316,0.078571826221462
MRI002(1) #1,0.137283928729722,0.013728392872972,139.4,1.91373796649233,9.3,0.205778275966917,,
MRI002(1) #2,0.203482256301155,0.020348225630116,141.8,2.88537839435038,6.8,0.42432035211035,,
MRI002(1) #3,0.275668528203764,0.027566852820377,48,1.32320893537807,4.4,0.300729303495016,0.310275977190761,0.063267985572643
MRI002(2) #1,0.320773867564932,0.032077386756493,129.8,4.16364480099282,8.1,0.514030222344792,,
MRI002(2) #2,0.34504181071418,0.034504181071418,129.8,4.47864270307006,6,0.746440450511677,,
MRI002(2) #3,0.197130869012794,0.01971308690128,189.9,3.74351520255296,7.7,0.486170805526359,0.582213826127609,0.082506211672829
MRI003(1) #1,0.389981989105605,0.038998198910561,96.15,3.7496768252504,4,0.937419206312599,,
MRI003(1) #2,0.321867861535758,0.032186786153576,110.58,3.55921481286242,4.6,0.773742350622265,,
MRI003(1) #3,0.315647513617993,0.031564751361799,74.52,2.35220527148129,3.1,0.758775894026221,0.823312483653695,0.05721671324222
MRI003(2) #1,0.277894921806361,0.027789492180636,156.25,4.34210815322439,6.5,0.668016638957598,,
MRI003(2) #2,0.311015199437709,0.031101519943771,173.08,5.38305107186786,7.2,0.74764598220387,,
MRI003(2) #3,0.292132314180285,0.029213231418029,151.44,4.42405176594623,6.3,0.702230439039084,0.705964353400184,0.023062701950698
MRI004(1) #1,0.362832278481013,0.036283227848101,91.35,3.31447286392405,3.8,0.872229701032645,,
MRI004(1) #2,0.357848101265823,0.035784810126582,125,4.47310126582279,5.2,0.860211781888997,,
MRI004(1) #3,0.41104694092827,0.041104694092827,125,5.13808676160338,5.2,0.988093608000649,0.906845030307431,0.040772156054568
MRI004(2) #1,0.248362341772152,0.024836234177215,67.31,1.67172692246835,2.8,0.597045329452984,,
MRI004(2) #2,0.330730485232068,0.033073048523207,100.96,3.33905497890295,4.2,0.795013090214989,,
MRI004(2) #3,0.480358649789029,0.048035864978903,98.56,4.73441485232067,4.1,1.15473532983431,0.848931249834095,0.163232870549883
MRI005(1) #1,0.34500357366211,0.034500357366211,60.9,2.10107176360225,2.5,0.8404287054409,,
MRI005(1) #2,0.186906995443581,0.018690699544358,43.27,0.808746569284375,1.8,0.44930364960243,,
MRI005(1) #3,0.265243902439025,0.026524390243903,40.87,1.08405182926829,1.7,0.637677546628408,0.642469967223913,0.112933502259124
MRI005(2) #1,0.269308943089431,0.026930894308943,62.5,1.68318089430894,2.6,0.647377267041901,,
MRI005(2) #2,0.480371660859466,0.048037166085947,79.32,3.81030801393728,3.3,1.15463879210221,,
MRI005(2) #3,0.245626730992585,0.024562673099259,43.27,1.06282686500491,1.8,0.590459369447174,0.797491809530427,0.179327807043178
RJ001(1) #1,0.272568634671249,0.027256863467125,117.78,3.21031337915797,4.9,0.655165995746525,,
RJ001(1) #2,0.364692524855775,0.036469252485578,100.96,3.68193573094391,4.2,0.876651364510454,,
RJ001(1) #3,0.334532138619533,0.033453213861953,108.17,3.61863414344749,4.5,0.804140920766108,0.778652760341029,0.065195032749217
RJ001(2) #1 ,0.213683973650833,0.021368397365083,55.29,1.18145869031545,2.3,0.513677691441502,,
RJ001(2) #2,0.220518800376417,0.022051880037642,110.58,2.43849689456242,4.6,0.530108020557047,,
RJ001(2) #3,0.252246225604517,0.025224622560452,120.19,3.03174738554069,5,0.606349477108138,0.550045063035562,0.02854895918566
MRI006(1) #1,0.288931034482759,0.028893103448276,117.8,3.4036075862069,4.9,0.694613793103448,,
MRI006(1) #2,0.307229885057471,0.030722988505747,93.8,2.88181632183908,4.8,0.600378400383142,,
MRI006(1) #3,0.381551724137931,0.038155172413793,91.3,3.48356724137931,4.6,0.757297226386807,0.684096473291132,0.045602777695436
MRI006(2) #1,0.301112068965517,0.030111206896552,115.4,3.47483327586207,4.5,0.772185172413793,,
MRI006(2) #2,0.216284482758621,0.021628448275862,105.8,2.28828982758621,5.8,0.394532728894174,,
MRI006(2) #3,0.355620689655173,0.035562068965517,84.1,2.99077,5.7,0.52469649122807,0.563804797512012,0.110758651640077
MRI007(1) #1,0.247486602357985,0.024748660235799,161.1,3.98700916398714,6.7,0.595075994624946,,
MRI007(1) #2,0.334412290103608,0.033441229010361,110.6,3.69859992854591,4.6,0.804043462727372,,
MRI007(1) #3,0.354056806002144,0.035405680600214,96.2,3.40602647374062,4,0.851506618435156,0.750208691929158,0.078767174036514
MRI007(2) #1,0.344573061807788,0.034457306180779,137,4.7206509467667,5.7,0.828184376625737,,
MRI007(2) #2,0.336554126473741,0.033655412647374,151.4,5.09542947481244,6.3,0.808798329335307,,
MRI007(2) #3,0.266482672382994,0.026648267238299,86.5,2.3050751161129,3.6,0.640298643364694,0.759093783108579,0.059660619695809
MRI008(1) #1,0.362022496937298,0.03620224969373,146.6,5.30724980510079,6.1,0.870040951655867,,
MRI008(1) #2,0.214147826409771,0.021414782640977,218.8,4.68555444184579,9.1,0.514896092510526,,
MRI008(1) #3,0.22150202323941,0.022150202323941,137,3.03457771837992,5.7,0.532382055856127,0.639106366674173,0.115577573709942
MRI008(2) #1,0.304107732858151,0.030410773285815,134.6,4.09329008427071,5.6,0.730944657905483,,
MRI008(2) #2,0.267678286371905,0.026767828637191,146.6,3.92416367821212,6.1,0.643305521018381,,
MRI008(2) #3,0.265155733749118,0.026515573374912,88.9,2.35723447302966,3.7,0.637090398116125,0.67044685901333,0.030302060937991
MRI009(1) #1,0.30316653413609,0.030316653413609,81.7,2.47687058389186,3.4,0.728491348203487,,
MRI009(1) #2,0.163039115453065,0.016303911545307,86.5,1.41028834866902,3.6,0.391746763519171,,
MRI009(1) #3,0.235442462796774,0.023544246279677,110.6,2.60399363853232,4.6,0.566085573593982,0.562107895105547,0.097230131257704
MRI009(2) #1,0.299769018137756,0.029976901813776,55.3,1.65772267030179,2.3,0.720748987087736,,
MRI009(2) #2,0.290851603619978,0.029085160361998,55.3,1.60840936801848,2.3,0.699308420877599,,
MRI009(2) #3,0.168331818698171,0.016833181869817,62.5,1.05207386686357,2.6,0.404643794947527,0.608233734304287,0.101982959402245
